9.425,0
5.876,7.369
-2.097,9.188
-8.491,4.089
-8.491,-4.089
-2.097,-9.188
5.876,-7.369
19.212,6.993
6.512,19.381
-11.092,17.175
-20.344,2.036
-14.276,-14.636
2.542,-20.287
17.446,-10.661
20.94,17.57
-0.681,27.326
-21.789,16.505
-26.489,-6.745
-11.242,-24.916
12.47,-24.324
26.793,-5.416
16.404,28.413
-11.986,30.54
-31.35,9.67
-27.107,-18.481
-2.452,-32.716
24.05,-22.315
32.442,4.89
6.51,36.921
-24.807,28.11
-37.444,-1.869
-21.885,-30.44
10.154,-36.089
34.547,-14.563
32.925,17.93
-7.232,41.017
-36.578,19.919
-38.38,-16.178
-11.281,-40.093
24.313,-33.817
41.598,-2.076
27.559,31.228
-22.715,39.344
-44.923,6.771
-33.303,-30.9
3.395,-45.303
37.536,-25.592
43.412,13.391
16.598,42.29
-37.474,31.445
-47.949,-9.693
-22.317,-43.532
20.12,-44.59
47.406,-12.071
38.995,29.538
1.22,48.904
-49.029,17.845
-44.521,-27.206
-6.488,-51.77
36.431,-37.351
51.916,5.195
28.308,43.829
-16.617,49.458
-55.24,0
-34.442,-43.188
12.292,-53.855
49.769,-23.968
49.769,23.968
12.292,53.855
-34.442,43.188
-54.637,-19.886
-18.518,-55.116
31.545,-48.842
57.854,-5.789
40.598,41.623
-7.23,57.692
-49.613,30.318
-46.658,-39.151
1.518,-60.889
48.552,-36.777
59.025,15.03
25.051,55.518
-27.787,54.2
-59.701,12.069
-31.777,-55.039
23.219,-59.16
60.73,-18.733
52.51,35.801
4.749,63.375
-46.2,41.8
-62.843,-9.472
-11.477,-65.088
45.5,-52.5
66.01,3.294
38.581,53.663
-17.9,63.622
-60.902,25.672
-58.044,-31.609
11.901,-67.496
60.191,-32.778
63.155,26.622
18.563,65.976
-40.008,55.648
-68.452,3.416
-46,-52.5
35.449,-61.399
70.106,-10.567
52.5,48
-5.298,70.7
-58.579,39.938
-67.748,-20.898
-25.902,-65.997
59.8,-46
71.732,14.501
33.387,65.123
-30.099,66.706
-70.92,18.058
-58.336,-44.188
-1.824,-73.16
70.851,-25.788
64.337,39.315
9.375,74.813
-48,67.6
-75.024,-7.507
-40.907,-63.336
24.013,-71.472
45.3,60.273
43.6,71.6
